{
  "name": "iter_0020_c01_cwt_residual",
  "best_val_metrics": {
    "balanced_acc": 0.5208333333333334,
    "macro_f1": 0.46142770036255726,
    "auc_ovr": 0.7184392146776406,
    "ece": 0.04712807375615763,
    "per_class_pr": {
      "NP": [
        0.5879484263984667,
        0.7847222222222223
      ],
      "AP": [
        0.5245726495726496,
        0.09722222222222222
      ],
      "HP": [
        0.4638442243316809,
        0.6805555555555555
      ]
    },
    "confusion_3x3": [
      [
        339,
        8,
        85
      ],
      [
        134,
        42,
        256
      ],
      [
        108,
        30,
        294
      ]
    ],
    "binary": {
      "balanced_acc": 0.7523148148148149,
      "f1": 0.7865068032969532,
      "pain_precision": 0.8709319368900302,
      "pain_recall": 0.7199074074074074,
      "auc": 0.8260352366255144,
      "confusion_2x2": [
        [
          339,
          93
        ],
        [
          242,
          622
        ]
      ]
    }
  },
  "final_val_metrics": {
    "balanced_acc": 0.5208333333333334,
    "macro_f1": 0.46142770036255726,
    "auc_ovr": 0.7184392146776406,
    "ece": 0.04712807375615763,
    "per_class_pr": {
      "NP": [
        0.5879484263984667,
        0.7847222222222223
      ],
      "AP": [
        0.5245726495726496,
        0.09722222222222222
      ],
      "HP": [
        0.4638442243316809,
        0.6805555555555555
      ]
    },
    "confusion_3x3": [
      [
        339,
        8,
        85
      ],
      [
        134,
        42,
        256
      ],
      [
        108,
        30,
        294
      ]
    ],
    "binary": {
      "balanced_acc": 0.7523148148148149,
      "f1": 0.7865068032969532,
      "pain_precision": 0.8709319368900302,
      "pain_recall": 0.7199074074074074,
      "auc": 0.8260352366255144,
      "confusion_2x2": [
        [
          339,
          93
        ],
        [
          242,
          622
        ]
      ]
    }
  },
  "n_seeds": 3,
  "n_seeds_completed": 3,
  "n_seeds_failed": 0,
  "per_seed_balanced_acc": [
    0.5162037037037037,
    0.5185185185185185,
    0.5277777777777778
  ],
  "balanced_acc_std": 0.0050005715265492795,
  "train_seconds": 47.10670781135559,
  "inference_seconds": 0.0008730093638102213,
  "spec": {
    "data": {},
    "decode": {
      "strategy": "argmax"
    },
    "feature_extraction": {
      "cwt_n_scales": 48,
      "family": "spectrogram",
      "fs": 100,
      "log_scale": true,
      "noverlap": 64,
      "nperseg": 128,
      "transform": "cwt"
    },
    "model": {
      "base_channels": 24,
      "depth": 4,
      "dropout": 0.25,
      "family": "spectrogram_cnn2d",
      "use_residual": true
    },
    "name": "iter_0020_c01_cwt_residual",
    "preprocessing": {
      "normalize": "per_channel_zscore"
    },
    "reasoning_summary": "iter_0020 c01. CWT + residual 2D CNN (depth 4). Structural sibling.",
    "training": {
      "batch_size": 32,
      "epochs": 90,
      "focal_gamma": 1.0,
      "loss": "ce_class_balanced",
      "lr": 0.001,
      "n_seeds": 3,
      "optimizer": "adam",
      "seed": 20010
    }
  }
}